id,name,average_mark,grade1,grade2,grade3
4,Иванов Олег,95.0,100,90
3,Иванова Анна,91.66666666666667,92,88,95
1,Иванов Иван,84.33333333333333,78,85,90
